strain_id,strain_name,strain_description,allele_id,gene_id,genotype,mat,background,strain_notes,parents
W11199-6B,mre11 RAD52-CFP,mre11 KanMX disruption and CFP tagged RAD52,S000004837-KanMX,S000004837,"MATa ade2 LYS2 ura3 mre11::KanMX trp1 leu2-3,112 his3-11,15 RAD52-CFP RAD5",a,NA,NA,w11191-5A x u3145
W11199-1B,mre11 TetR-mRFP,mre11 KanMX disruption and TetR-mRFP fusion,S000004837-KanMX,S000004837,"MATalpha ADE2 LYS2 ura3 TetR-mRFP(iYGL119W) mre11::KanMX trp1 leu2-3,112 his3-11,15 RAD52-CFP RAD5",alpha,NA,NA,w11191-5A x u3145
W11199-3D,mre11 YFP-RAD51 RAD52-CFP,"mre11 KanMX disruption, YFP tagged RAD51 and CFP tagged RAD52",S000004837-KanMX,S000004837,"MATalpha ADE2 LYS2 ura3 mre11::KanMX trp1 leu2-3,112 his3-11,15 YFP-RAD51 RAD52-CFP RAD5",alpha,NA,NA,w11191-5A x u3145
W11199-2B,mre11 TetR-mRFP YFP-RAD51 RAD52-CFP,"mre11 KanMX disruption, TetR-mRFP fusion, YFP tagged RAD51 and CFP tagged RAD52",S000004837-KanMX,S000004837,"MATa ADE2 lysD ura3 TetR-mRFP(iYGL119W) mre11::KanMX trp1 leu2-3,112 his3-11,15 YFP-RAD51 RAD52-CFP RAD5",a,NA,NA,w11191-2A x u3145
W11199-1A,mre11 YFP-RAD51 RAD52-CFP,"mre11 KanMX disruption, YFP tagged RAD51 and CFP tagged RAD52",S000004837-KanMX,S000004837,"MATa ADE2 lysD ura3 TetR-mRFP(iYGL119W) mre11::KanMX trp1 leu2-3,112 his3-11,15 YFP-RAD51 RAD52-CFP RAD5",a,NA,NA,w11191-2A x u3145
W11198-24B,rad51-S192E SPC110-YFP RAD52-CFP,"rad51-S192E amino acid mutation at position 192, YFP tagged SPC110 and CFP tagged RAD52",S000000897,S000000897-S192E,MATa ADE2 rad51-S192E ura3-1 trp1 lys2 SPC110-YFP::HIS3 RAD52-CFP RAD5,a,NA,NA,J1797 x W11088-6B
W11197-21D,rad51-S192E RAD52-CFP tetOx112 I-SceI TetR-mRFP,"rad51-S192E amino acid mutation at position 192, CFP tagged RAD52, tetOx112 I-Sce1, TetR-mRFP fusion",S000000897,S000000897-S192E,Mat a ADE2 rad51-S192E  trp1-1 LYS2 RAD5 RAD52-CFP ura3::3xURA3-tetOx112 I-SceI(ura3-1) TetR-mRFP1(iYGL119W),a,NA,NA,W4303-19B x W11196-18D
W11191-5A,mre11 TetR-mRFP YFP-RAD51,"mre11 KanMX disruption, TetR-mRFP fusion and YFP tagged RAD51",S000004837-KanMX,S000004837,"MATa ADE2 LYS2 ura3 TetR-mRFP(iYGL119W) mre11::KanMX trp1 leu2-3,112 his3-11,15 YFP-RAD51 RAD5",a,NA,Actually spore name in personally notes Cross#1C-5A,NA
W11191-2A,mre11 TetR-mRFP YFP-RAD51,"mre11 KanMX disruption, TetR-mRFP fusion and YFP tagged RAD51",S000004837-KanMX,S000004837,"MATa ADE2 LYS2 ura3 TetR-mRFP(iYGL119W) mre11::KanMX trp1 leu2-3,112 his3-11,15 YFP-RAD51 RAD5",a,NA,Actually spore name in personal notes Cross#1A-2A,NA
W11194-1D,pol30-RR rad51 rad52,"pol30-RR, rad51 HphMX disruption and rad52 KanMx disruption",S000000292-RR,S000000292,"MATa pol30-RR rad51::HphMX rad52::KamMX TRP1 lys2 ADE2 ura3-1 leu2-3,112 his3-11,15 can1RAD5",a,NA,NA,W11187-12D x W11187-13D
